DateStamp,TimeStamp,StoreName,Address1,Address2,City,State,ZipCode,Phone
2022-11-21,17:55:34,Lincoln,Snow Road - Stores 4 & 5,622 George Washington Hwy,Lincoln,RI,02865,401-334-3358
2022-11-21,17:55:34,Coventry,East Grove Street,1173 Tiogue Avenue,Coventry,RI,02816,401-826-0151
2022-11-21,17:55:34,OSJL STS Inventory,,375 Commerce Park Rd,North Kingstown,RI,02852,
2022-11-21,17:55:34,Warren,Highway,601 Metacom Ave,Warren,RI,02885,401-245-8920
2022-11-21,17:55:34,Middletown,207 Webster Square Road,288 East Main Rd.,Middletown,RI,02840,401-842-0508
2022-11-21,17:55:34,Hope Valley,"461 Voluntown Road, Griswold",12 Stilson Road,Wyoming,RI,02898,401-539-0220
2022-11-21,17:55:34,W. Woonsocket,13 Wells Road,1412 Park Ave.,Woonsocket,RI,02895,401-762-2285
2022-11-21,17:55:34,Buttonwoods,Space 683,3030 West Shore Road Ste 2,Warwick,RI,02886,401-739-6821
2022-11-21,17:55:34,Westerly,Suite 23,20 Post Road,Westerly,RI,02891,401-348-7015
2022-11-21,17:55:34,Cranston,Route 101A,1441 Elmwood Ave,Cranston,RI,02910,401-785-1527
2022-11-21,17:55:34,Johnston,Green Mountain Mall Route 5,1493 Hartford Avenue,Johnston,RI,02919,401-383-1307
2022-11-21,17:55:34,Pawtucket,Suite B2,50 Ann Mary Street,Pawtucket,RI,02860,401-475-2941
2022-11-21,17:55:34,North Kingstown,,5957 Post Road,North Kingstown,RI,02852,401-885-1890
2022-11-21,17:55:34,Woonsocket,,1919 Diamond Hill Road,Woonsocket,RI,02895,401-214-5224
2022-11-21,17:55:34,West Cranston,,148 Atwood Ave,Cranston,RI,02920,401-414-0893
2022-11-21,17:55:34,Warwick Ave,,1109 Warwick Ave,Warwick,RI,02888,401-414-3464
2022-11-21,17:55:34,Wakefield,,688 Kingstown Road,Wakefield,RI,02879,401-543-3213
2022-11-21,17:55:34,Hyannis,,390 Barnstable St,Hyannis,MA,02601,508-790-2166
2022-11-21,17:55:34,Falmouth,,Rte. 28/50B Teaticket Highway,East Falmouth,MA,02536,508-540-5509
2022-11-21,17:55:34,South Yarmouth,,1080 Rte 28,South Yarmouth,MA,02664,508-394-1386
2022-11-21,17:55:34,Medway,,114 Main St,Medway,MA,02053,508-533-5396
2022-11-21,17:55:34,Holyoke,,2291 Northampton St,Holyoke,MA,01040,413-534-1834
2022-11-21,17:55:34,Kingston,,182 Summer St,Kingston,MA,02364,781-582-1178
2022-11-21,17:55:34,New Bedford,,1068 King's Highway,New Bedford,MA,02745,508-998-1414
2022-11-21,17:55:34,Buzzards Bay,,285 Main St,Bourne,MA,02532,508-743-9304
2022-11-21,17:55:34,Foxboro,,30 Commercial St,Foxboro,MA,02035,508-543-0604
2022-11-21,17:55:34,Gardner,,46 Pearson Boulevard,Gardner,MA,01440,978-632-6617
2022-11-21,17:55:34,East Springfield,,1317 Liberty St,Springfield,MA,01104,413-736-9360
2022-11-21,17:55:34,Marlborough,,230 A East Main St/Rte 20,Marlborough,MA,01752,508-481-1363
2022-11-21,17:55:34,Rockland,,360 Market St,Rockland,MA,02370,781-871-2301
2022-11-21,17:55:34,E.Bridgewater,,Rte18/Bedford ST,East Bridgewater,MA,02333,508-350-9815
2022-11-21,17:55:34,Norwood,,1001 Boston Providence HWY,Norwood,MA,02062,781-255-9702
2022-11-21,17:55:34,Marshfield,,The Webster Square Shopping Center,Marshfield,MA,02050,(781) 834-0487
2022-11-21,17:55:34,Middleboro,,10 Merchants Way,Middleboro,MA,02346,(508) 946-3618
2022-11-21,17:55:34,Westboro,,180 Milk Street,Westboro,MA,01581,508-366-4010
2022-11-21,17:55:34,Seekonk,,150 Highland Avenue,Seekonk,MA,02771,(508) 336-2555
2022-11-21,17:55:34,Southbridge,,503 East Main Street,Southbridge,MA,01550,508-764-7194
2022-11-21,17:55:34,Taunton,,280 Winthrop Street,Taunton,MA,02780,508-977-0429
2022-11-21,17:55:34,Quincy,,141 Newport Ave.,Quincy,MA,02171,617-479-1778
2022-11-21,17:55:34,Westfield,,231 E. Main Street,Westfield,MA,01085-3307,413-568-1851
2022-11-21,17:55:34,Dennisport,,260 Upper Country Road,Dennisport,MA,02639,508-398-4518
2022-11-21,17:55:34,Chatham,,1674 Main Street,Chatham,MA,02633,508-348-0461
2022-11-21,17:55:34,Southwick,,201 College Highway,Southwick,MA,01077,413-569-9560
2022-11-21,17:55:34,Palmer,,1178 Thorndike Street,Palmer,MA,01069,413-283-5018
2022-11-21,17:55:34,Somerset,,869 Grand Army of the Republic,Somerset,MA,02726,508-679-5885
2022-11-21,17:55:34,Dedham,,100 Providence Highway,Dedham,MA,02026,781-326-5614
2022-11-21,17:55:34,Chicopee,,1451 Memorial Drive,Chicopee,MA,01020,413-533-0410
2022-11-21,17:55:34,Athol,,62 Freedom Street,Athol,MA,01331,978-249-3428
2022-11-21,17:55:34,Danvers,,139 Endicott Street,Danvers,MA,01923,978-774-2597
2022-11-21,17:55:34,Whitinsville,,1161 Providence Rd,Whitinsville,MA,01588,508-234-2485
2022-11-21,17:55:34,Medford,,30 Commercial Street,Medford,MA,02155,781-391-1279
2022-11-21,17:55:34,Leominster,,20 Water Tower Place,Leominster,MA,01453,978-537-2874
2022-11-21,17:55:34,Sturbridge,,178 Main Street,Sturbridge,MA,01566,508-347-9513
2022-11-21,17:55:34,North Adams,,830 Curran Memorial Highway,North Adams,MA,01247,413-663-2840
2022-11-21,17:55:34,Tewksbury,,553 Main St.,Tewksbury,MA,01876,978-640-4918
2022-11-21,17:55:34,Waltham,,90 River Street,Waltham,MA,02453,781-547-4082
2022-11-21,17:55:34,Taunton - Depot Drive,,70 Taunton Depot Drive,Taunton,MA,02780,508-824-0250
2022-11-21,17:55:34,Bedford,,297 Great Road,Bedford,MA,01730,781-275-1825
2022-11-21,17:55:34,Wareham,,3005 Cranberry Highway,East Wareham,MA,02538,508-291-0826
2022-11-21,17:55:34,North Reading,,97 Main Street,North Reading,MA,01864,978-664-1202
2022-11-21,17:55:34,Fairhaven,,11-39 Berdon Way,Fairhaven,MA,02719,508-999-1602
2022-11-21,17:55:34,Fall River,,465 William S Canning Blvd,Fall River,MA,02721,508-231-5776
2022-11-21,17:55:34,Saugus,,1020 Broadway,Saugus,MA,01906,781-487-1645
2022-11-21,17:55:34,Brockton,,105 Campanelli Industrial Drive,Brockton,MA,02301,774-250-3107
2022-11-21,17:55:34,North Dartmouth,,492 State Rd,Dartmouth,MA,02747,774-849-4048
2022-11-21,17:55:34,Springfield,,1686 Boston Road,Springfield,MA,01129,413-409-6052
2022-11-21,17:55:34,Weymouth,,140 Main Street,Weymouth,MA,02188,781-327-8893
2022-11-21,17:55:34,Ledyard,,1666 Rte 12,Gales Ferry,CT,06335,860-464-6033
2022-11-21,17:55:34,Canton,,133 River Road,Canton,CT,06019-3203,860-693-8047
2022-11-21,17:55:34,Brooklyn,,566 Providence Rd,Danielson,CT,06239,860-774-7072
2022-11-21,17:55:34,Clinton,,90 West Main St,Clinton,CT,06413,860-664-9446
2022-11-21,17:55:34,Windsor,,560 Windsor Ave,Windsor,CT,06095,860-688-2330
2022-11-21,17:55:34,Southington,,328 Queen Street,Southington,CT,06489,860-621-4117
2022-11-21,17:55:34,Enfield,,25 Hazard Avenue,Enfield,CT,06082,860-745-7682
2022-11-21,17:55:34,Manchester,,205 Spencer Street,Manchester,CT,06040,860 646 8462
2022-11-21,17:55:34,Berlin,,Webster Square Shopping Center,Berlin,CT,06037,860-828-4139
2022-11-21,17:55:34,Naugatuck,,727 Rubber Avenue,Naugatuck,CT,06770,203-720-3741
2022-11-21,17:55:34,Milford,,545 Bridgeport Ave,Milford,CT,06460,203-878-9547
2022-11-21,17:55:34,Windsor Locks,,"20 Main St. Unit 1, Rt 159",Windsor Locks,CT,06096,860-292-1045
2022-11-21,17:55:34,Seymour,,16 Klarides Village Dr,Seymour,CT,06483,203-881-8314
2022-11-21,17:55:34,Groton,,941 Poquonnock Road,Groton,CT,06340,860-448-6260
2022-11-21,17:55:34,East Haven,,713 Foxon Road,East Haven,CT,06513,203-468-7470
2022-11-21,17:55:34,Griswold,,461 Voluntown Road,Griswold,CT,06351,860-376-3710
2022-11-21,17:55:34,Old Saybrook,,901 Boston Post Road,Old Saybrook,CT,06475,860-395-2017
2022-11-21,17:55:34,Bloomfield,,20 Mountain Avenue #22,Bloomfield,CT,06002-2339,860-242-2062
2022-11-21,17:55:34,Wethersfield,,13 Wells Road,Wethersfield,CT,06109-3041,860-257-3897
2022-11-21,17:55:34,Meriden,,1231 East Main St.,Meriden,CT,06450,203-630-2095
2022-11-21,17:55:34,Waterbury,,771 Lakewood Road,Waterbury,CT,06704,203-841-0307
2022-11-21,17:55:34,Bristol,,685 Farmington Avenue,Bristol,CT,06010,860-540-0093
2022-11-21,17:55:34,Waterford,,128 Boston Post Road,Waterford,CT,06385,860-440-0866
2022-11-21,17:55:34,Orange,,401 Boston Post Road,Orange,CT,06447,203-891-0913
2022-11-21,17:55:34,Torrington,,681 Main Street,Torrington,CT,06790,860-201-0021
2022-11-21,17:55:34,Litchfield,,331 West Street,Litchfield,CT,06759,860-295-4681
2022-11-21,17:55:34,Willimantic,,60 Cantor Drive,Willimantic,CT,06226,860 470-8431
2022-11-21,17:55:34,Vernon,,295 Hartford Turnpike,Vernon,CT,06066,959-444-9144
2022-11-21,17:55:34,Danbury,,17 Backus Avenue,Danbury,CT,06810,203-718-5475
2022-11-21,17:55:34,Enfield - Elm Street,,95 Elm Street,Enfield,CT,06082,860-368-0952
2022-11-21,17:55:34,Peterborough,,19 Wilton Road,Peterborough,NH,03458,603-924-0293
2022-11-21,17:55:34,Walpole,,32 Ames Plaza Lane,Walpole,NH,03608,603-445-5666
2022-11-21,17:55:34,Ossipee,,895 Route 16,Ossipee,NH,03864,603-539-6551
2022-11-21,17:55:34,Woodsville,,176 Central Street,Woodsville,NH,03785,603-747-3478
2022-11-21,17:55:34,Northumberland,,583 Lancaster Road,Northumberland,NH,03582,603-636-2942
2022-11-21,17:55:34,Newport,,12 John Stark Highway,Newport,NH,03773,603-863-4267
2022-11-21,17:55:34,Portsmouth,,1700 Woodbury Avenue,Portsmouth,NH,03801,603-610-0216
2022-11-21,17:55:34,Hooksett,,1328 Hooksett Road,Hooksett,NH,03106,603-296-0096
2022-11-21,17:55:34,Concord,,68 D'Amante Street,Concord,NH,03301,603-717-0147
2022-11-21,17:55:34,Derry,,30 Manchester Road,Derry,NH,03038,603-432-4256
2022-11-21,17:55:34,Nashua,,300 Main Street,Nashua,NH,03060,603-577-8863
2022-11-21,17:55:34,Milford NH,,601 Nashua Street,Milford,NH,03055,603-672-0488
2022-11-21,17:55:34,Meredith,,71 NH Route 104,Meredith,NH,03253,603-279-0085
2022-11-21,17:55:34,Seabrook,,270 Lafayette Rd.,Seabrook,NH,03874,603-474-0430
2022-11-21,17:55:34,Stratham,,28 Portsmouth Ave,Stratham,NH,03885,603-772-8901
2022-11-21,17:55:34,Salem,,16 Veterans Memorial Parkway,Salem,NH,03079,603-686-8541
2022-11-21,17:55:34,Rochester,,5 Milton Rd,Rochester,NH,03867,603-768-1340
2022-11-21,17:55:34,St. Johnsbury,,2000 Memorial Drive,St. Johnsbury,VT,05819,802-748-2417
2022-11-21,17:55:34,Rutland,,245 South Main Street,Rutland,VT,05701,802-445-5657
2022-11-21,17:55:34,Bennington,,99 Bennington Square,Bennington,VT,05201,802-210-3584
2022-11-21,17:55:34,Belfast,,95 Lincolnville Avenue,Belfast,ME,04915,207-338-3114
2022-11-21,17:55:34,Bangor,,1129 Union Street,Bangor,ME,04401,207-942-1435
2022-11-21,17:55:34,Sanford,,1327 Main Street,Sanford,ME,04073,207-636-7766
2022-11-21,17:55:34,Oxford,,1570 Main Street,Oxford,ME,04270,207-743-0090
2022-11-21,17:55:34,"Rockland,ME",,265 Camden Street,Rockland,ME,04841,207-594-9861
2022-11-21,17:55:34,Falmouth ME,,251 US Route 1,Falmouth,ME,04105,207-781-0014
2022-11-21,17:55:34,Biddeford,,510 Alfred Street,Biddeford,ME,04005,207-401-2262
2022-11-21,17:55:34,Ballston Spa,,2035 Doubleday Avenue,Ballston Spa,NY,12020,518-885-3902
2022-11-21,17:55:34,Schenectady,,2330 Watt Street,Schenectady,NY,12304,518-388-0048
2022-11-21,17:55:34,Fishkill,,1551 Route 52,Fishkill,NY,12524,845-896-1474
2022-11-21,17:55:34,Valatie,,2827 Route 9,Valatie,NY,12184,518-758-2292
2022-11-21,17:55:34,Clifton Park,,1208 Route 146,Clifton Park,NY,12065,518-723-2091
2022-11-21,17:55:34,Albany,,911 Central Avenue,Albany,NY,12206,518-458-6130
2022-11-21,17:55:34,North Babylon,,1482 Deer Park Avenue,North Babylon,NY,11703,631-242-0841
2022-11-21,17:55:34,Poughkeepsie,,3456 North Road,Poughkeepsie,NY,12601,845-485-3125
2022-11-21,17:55:34,New City,,182 North Main Street,New City,NY,10956,845-634-1201
2022-11-21,17:55:34,Centereach,,2120 Middle Country Rd.,Centereach,NY,11720-3519,631-467-7578
2022-11-21,17:55:34,East Northport,,3083 Jericho Turnpike,East Northport,NY,11731,631-499-0532
2022-11-21,17:55:34,Troy,,75 Vandenburgh Avenue,Troy,NY,12180,518-516-6072
2022-11-21,17:55:34,Nanuet,,122 East Route 59,Nanuet,NY,10954,845-393-9030
2022-11-21,17:55:34,Mahopac,,1001 Route 6,Mahopac,NY,10541,845 363-8790
2022-11-21,17:55:34,Johnson City,,416 Harry L Drive,Johnson City,NY,13790,607-463-2557
2022-11-21,17:55:34,Newburgh,,88 N Plank Rd Newburgh,Newburgh,NY,12550,
2022-11-21,17:55:34,Clinton,,1712 Route 31,Clinton,NJ,08809,908-238-0344
2022-11-21,17:55:34,Sparta,,60 Sparta Avenue,Sparta,NJ,07871,973-726-3356
2022-11-21,17:55:34,South Plainfield,,6305 Hadley Road,South Plainfield,NJ,07080,908-561-1012
2022-11-21,17:55:34,Franklin Park,,3391 NJ27,Franklin Park,NJ,08823,732-683-7032
2022-11-21,17:55:34,Deptford,,409 Almonesson Rd.,Deptford,NJ,08096,856-434-7745
2022-11-21,17:55:34,Freehold,,600 Trotters Way,Freehold,NJ,07728,732-704-4515
2022-11-21,17:55:34,Princeton,,101 Nassau Park Blvd,Princeton,NJ,08540,
2022-11-21,17:55:34,Montgomeryville,,980 Bethlehem Pike,Montgomeryville,PA,18936,267-362-8569
2022-11-21,17:55:34,Dickson City,,401 Scranton Carbondale Hwy,Dickson City,PA,18508,570-231-3925
2022-11-21,17:55:34,Wilkes-Barre,,620 Kidder St,Wilkes-Barre,PA,18702,570-231-4312
2022-11-21,17:55:34,Wind Gap,,801 Male Rd,Wind Gap,PA,18091,610-601-6425
2022-11-21,17:55:34,Warminster,,808 E Street Road,Warminster,PA,18974,267-508-7003
2022-11-21,17:55:34,Willow Street,,2600 Willow Street Pike North,Willow Street,PA,17584,717-403-1192
2022-11-21,17:55:34,State College,,2222 E College Ave,State College,PA,16801,814-385-3740
2022-11-21,17:55:34,Shillington,,4000 Shillington Plaza,Shillington,PA,19607,
2022-11-21,17:55:34,Elizabethtown,,1605 South Market Street,Elizabethtown,PA,17022,
